title,author,score,date,comment,positive_score,negative_score,neutral_score,emotion
Is it so wrong to theorize that the Nashville gunman probably shot up the Christian school because he was bullied for being transgender?,kh7190,337,2023-03-30 13:12:01,,0.0,0.0,0.0,neutral
,Kuildeous,90,2023-03-30 14:09:31,"It's certainly a possibility, but the bullying events were so far removed from today's school environment that the aggression is even more misplaced. I know some of the victims were in their 60s, but I don't recall hearing that they were specifically targeted. I could be wrong. 

I'd rather focus on the wrongness of the crime. 

Of course, there are those bigots who try to blame the perpetuator's trans existence. 

""The trans shooter was mentally unstable!""  
""Well, yeah, being bullied by hateful bigots like yourself can do that to a person.""",0.0,1.0,0.0,negative
,kh7190,22,2023-03-30 14:17:58,"Exactly and that‚Äôs what I was getting at. Because conservatives don‚Äôt want to blame the easy access of guns as to being the biggest issue. So I was trying to tackle the issue from the other side of things. The mental illness that they always scream about. And it‚Äôs irrelevant because not all mentally ill people want to shoot up schools. And if they want to blame mental health then maybe they should think about what the biggest stressors for a transgender person is - it‚Äôs specifically that they aren‚Äôt accepted for being who they, and it‚Äôs 99.9% of the time it‚Äôs because of folks with Christian-based values.",0.0,2.0,0.0,negative
,Asher-D,17,2023-03-30 15:54:01,I dont get why both issues cant be addressed. Obviously gun legislation is paramount but mental health is important and people dont deserve to suffer.,0.0,0.0,0.0,neutral
,Myrddin_Dundragon,13,2023-03-30 19:36:10,"Someone summed it up nicely for me before:

Mental health issues exist in all other developed nations, but nowhere else has as many school shootings as we do. It's all about the easy to get and own guns.",0.0,0.0,0.0,neutral
,Hopeful-Base-2769,0,2023-03-31 12:46:35,"If not all mentally I‚Äôll people want to shoot up schools; the same is true that not all people who own guns don‚Äôt want to randomly kill innocent people. GUNS ARE FOR PROTECTION, NOT AGGRESSION. Most transgender people aren‚Äôt even Christian & shouldn‚Äôt care what Christians believe. The Bible says that same sex orientation is a sin & that‚Äôs okay. Take that issue up with God through prayer; not killing innocent children. Pastors marry men & women through Biblical principles & standards. Redefining the ‚Äúmale/female‚Äù terms of marriage does NOT make a Pastor/Priest obligated to marry anyone that defies the Biblical definition of marriage. And that‚Äôs okay; just go to someone else to get married. Leave Christians alone; it‚Äôs not our fault that‚Äôs what the Bible says about it.",1.0,4.0,0.0,negative
,kh7190,1,2023-03-31 17:59:27,Why are you on this subreddit? Doing God‚Äôs work?,0.0,0.0,0.0,neutral
,Hopeful-Base-2769,0,2023-03-31 18:04:59,I suppose I am if that‚Äôs your guess. I appreciate people with different views no matter what they believe. There‚Äôs something to learn from everyone. It‚Äôs easy to get stuck in an echo chamber of hive minded opinions without considering other viewpoints.,0.0,0.0,0.0,neutral
,peppelaar-media,3,2023-03-30 18:51:14,It‚Äôs called trauma response and ptsd,0.0,0.0,0.0,neutral
,AlphaVictor503,0,2023-04-01 18:46:45,"No, just being a TRANS show you are a mental idiot.  Those freaks think we need to play their game, then they can play with bullies.",0.0,0.0,0.0,neutral
,Kuildeous,1,2023-04-01 20:53:29,"I see you don't understand shit about them. Well, someday you can better understand the world when you grow up. 

You don't need to ""play their game."" Just don't be a fucking asshole about them.",1.0,1.0,0.0,neutral
,TheLegend---27,1,2023-04-09 14:41:06,"dayum i was bullied as a kid because i have ticks (you could say it's a lighter form of tourettes) and i never thought about shooting up a school and killing innocent kids. no amount of bullying justifies killing innocent people, especially children. Everyone that tries to find reason tries to downplay what the shooter did because ""she was bullied ü•∫ü•∫""  bohoo, you're just as bad. Try telling that to the parents faces what you just wrote here. Really dumb statements",1.0,3.0,0.0,negative
,AlphaVictor503,1,2023-04-01 15:13:44,"She needed more bullies, not enough got their hands on it.",0.0,0.0,0.0,neutral
,New-Cryptographer959,1,2023-04-08 15:54:53,Being bullied constitutes shooting people? Everyone gets bullied or made fun of throughout life shooting someone and giving up your own life and taking innocent others is not justifiable by no means. The people were innocent I feel much worse for innocent children and 60 year olds who died early then the shooter being made fun of. And your comment on guns is about the dumbest thing I‚Äôve ever read. Guns kill people not people right? Put your gun on the table and stare down the barrel a while without touching it bet you a mil you make it.,0.0,2.0,0.0,negative
,Kuildeous,1,2023-04-08 16:28:55,">Being bullied constitutes shooting people? 

Given that I said the literal opposite of this, I'm bemused how you came to this errant conclusion.",0.0,0.0,0.0,neutral
,TheLegend---27,0,2023-04-09 14:43:56,">Given that I said the literal opposite of this, I'm bemused how you came to this errant conclusion.

you're trying to justify it and find reason, which cant be done. a mentally ill person shot up a school and the mental health issues with transgender should be thoroughly researched but that would be transphobic",0.0,0.0,0.0,neutral
,jwdcincy,27,2023-03-30 13:21:56,How about we wait to find out.,0.0,0.0,0.0,neutral
,kh7190,4,2023-03-30 14:16:03,Absolutely.,0.0,0.0,0.0,neutral
,whiskeybridge,116,2023-03-30 13:20:38,"the thing all mass shooters have in common is the guns.

each incident is going to have specific proximate and immediate causes.

we shouldn't bully people because it's mean, not because they may come back and shoot us later.

we should help everyone get the mental health they need because we want a healthier society.  one part of ""healthier society"" is fewer murders and suicides.  

finally, all these statements should be 100% not controversial.  but here we are.",0.0,0.0,0.0,neutral
,kh7190,18,2023-03-30 14:21:59,"Exactly. It IS the guns, and certain folks wanna continue to point fingers at mental health.",0.0,0.0,0.0,neutral
,RMSQM,25,2023-03-30 15:14:32,Those same people also refuse to fund mental healthcare. They are just lying ghouls.,0.0,0.0,0.0,neutral
,Mister_Silk,18,2023-03-30 14:55:54,Both are a problem. Guns are objects and are not a problem if 100% of the population is mentally healthy and responsible. The problem arises because 100% of the population is not mentally healthy and responsible *and* there are too many guns laying around that are too easy to get. It's not one or the other - it's the combination of the two that is deadly.,0.0,0.0,0.0,neutral
,NotPortlyPenguin,11,2023-03-30 15:29:07,"Yeah but guns make it a LOT easier to kill multiple people. Don‚Äôt believe me?  Here‚Äôs a challenge: you and I start at opposite ends of a basketball court. You are armed with a knife, or even a machete. I‚Äôm armed with a pistol. First one to die loses. Are you up for the challenge?",0.0,2.0,0.0,negative
,Saiboogu,7,2023-03-30 16:26:42,"As a reply to the above, you're not adding anything. They already acknowledged that guns are a problem, along with mental health. No one here is debating the relative lethality of different weapons, this thread is only saying ""it's not *just* the guns.""",0.0,0.0,0.0,neutral
,[deleted],0,2023-03-31 00:41:31,[removed],0.0,0.0,0.0,neutral
,NotPortlyPenguin,2,2023-03-31 00:45:42,"Conservatives call it a mental health problem. Other countries have people with mental health problems but few if any mass shootings. There is one, only one, and exactly one difference between the US and other developed countries: the US has unfettered access to guns. Also, the US allows people to carry guns everywhere.  Even in the old west you didn‚Äôt walk around towns carrying guns!",0.0,0.0,0.0,neutral
,[deleted],-1,2023-03-31 02:36:11,[removed],0.0,0.0,0.0,neutral
,NotPortlyPenguin,1,2023-03-31 12:07:26,"Again, people weren‚Äôt allowed to walk around town armed. This is the reason, and it goes against your lack of government intervention‚Ä¶the government literally intervened and said so.",0.0,0.0,0.0,neutral
,[deleted],1,2023-03-31 15:32:19,[removed],0.0,0.0,0.0,neutral
,NotPortlyPenguin,2,2023-03-31 16:18:32,"Government involvement is government involvement regardless of the level of government. 

Also NOBODY is banning all guns. You Reich wing gun nuts use this disingenuous argument to further your goal of gun vending machines and more dead schoolchildren.",0.0,1.0,0.0,negative
,Outrageous-Oil-5727,1,2023-04-06 10:06:59,"Me personally, i'd say yes, but that's if you have little or no firearms training.   


You, untrained, with a pistol, aren't making an accurate shot until I make it to within 5 yards of you. At that range, you may very well make an accurate shot, but you are also absolutely going to get tapped by the knife.  


We'd probably both get seriously injured.",0.0,0.0,0.0,neutral
,livingdead70,2,2023-03-30 20:42:41,The problems arises that the guns they are using in these shootings are guns specifically made to kill as many people as possible in the shortest amount of time.,0.0,1.0,0.0,negative
,NotPortlyPenguin,6,2023-03-30 15:22:16,Yes. As if other countries don‚Äôt have people with mental health issues. Or people playing violent video games. Or transgender people. Or any of a number of things that conservatives blame other than unfettered access to guns and the ability to legally carry them everywhere.,0.0,2.0,0.0,negative
,electricoreddit,0,2023-03-30 21:25:04,"If there were no guns they would use knifes instead. The issue is not the guns, it's who has access to them, which are mostly ultraconservative ultrareligious reactionary asswipes.",0.0,0.0,0.0,neutral
,bizarre_coincidence,2,2023-03-30 18:44:16,"Just like how some people are only good because they are afraid god will condemn them to hell if they sin, some people only respond to credible threats of punishment or retaliation. No amount of saying ‚Äúbullying is mean, and you should not engage in it on those grounds alone‚Äù is going to stop a bully. They will simply respond with what they say to their victims when asked to stop, ‚Äúmake me.‚Äù",0.0,3.0,0.0,negative
,whiskeybridge,3,2023-03-30 19:52:23,those who cannot police themselves will have their selves policed.,0.0,0.0,0.0,neutral
,Varos_of_the_Mazydaj,1,2023-03-31 00:49:39,"Hello!
I must speak to the hypothetical victim and tell them to ""Man the fuck up"". Either ignore the bastard, or give them what is coming to them or attempt some other tactic to solve the issue. We are so opposed to actually fixing problems in society that we've almost become like what the boomers say we are. We desire fast solutions without understanding consequences. Therefore we give all this control to the government over our liberties and beat around the bush rather than actually fixing problems, because, in a society as has been existing since practically Alexander Hamilton and Henry Clay, ""Your people sir, are a great beast"". We cannot be trusted without our own control and so our indesire to fix problems, we hand gov. power which further justifies their expansion and philosophy that we as people are stupid.
Thank you for reading my incoherent rant.",2.0,1.0,0.0,positive
,Hollywearsacollar,18,2023-03-30 14:15:37,Isn't the church that this school is associated with part of a child abuse situation about 10 years ago?,0.0,0.0,0.0,neutral
,Thatguyxlii,17,2023-03-30 16:33:54,"Yes. There were allegations of sexual abuse and the church covering it up in 2013. The church tried to get the allegations dismissed, but it was allowed to go to trial, but was dismissed with prejudice (which means the plaintiff can't file against the church again with the same allegation), by the court because of ""lack of evidence"". Because Tennessee courts are just a corrupt as their churches.",0.0,0.0,0.0,neutral
,Hollywearsacollar,11,2023-03-30 16:48:05,I'm sure no abuse happened...none at all.  Surely all just made up because when has a Christian organization ever abused anyone?  ;-),0.0,0.0,0.0,neutral
,Thatguyxlii,7,2023-03-30 16:56:16,And let's say the shooter was a victim of sexual abuse. We'll never know never know because it won't be investigated.,0.0,0.0,0.0,neutral
,TheLegend---27,1,2023-04-09 14:46:17,so let's go and kill innocent children? got it,0.0,1.0,0.0,negative
,kh7190,2,2023-03-30 15:17:19,Wouldn‚Äôt be surprised. But I don‚Äôt know about the details of it.,0.0,0.0,0.0,neutral
,Ok-Commercial1152,1,2023-04-01 01:14:55,"I am local to Nashville and found that two child rapists were at that church affiliated with the school. https://www.courthousenews.com/church-accused-of-covering-for-molester/ 

https://www.buzzfeednews.com/article/andrewkaczynski/co-author-of-mike-huckabee-books-was-accused-of-child-molest#.kr0qmEWM4

The shooter was definitely a student there with the rapist in the first article. Was he a victim? Maybe so. Also Being gay or trans and attending that school could have been hell. But the shooter chose now to kill‚Ä¶.why? The GOP is taking away the rights of trans and gay people. So how does one strike back? Especially if depressed and suicidal? The politicians have too many security guards. But the kids of Republicans‚Ä¶they‚Äôre mostly in private Christian schools right? If you want to hurt the GOP just murder their kids. Payback for all the torture and removal of rights. Maybe the shooter thought this could make the GOP rethink what they‚Äôre doing, and back off or, if they‚Äôre still forging ahead to remove rights from people, then at least the shooter got to hurt some of them where it hurts the most before they die anyways. 

Not justifying the murders. Just wish this angle was more discussed around here bc the Christian extremists need to stop hurting the LGBTQ community. Maybe if they saw they were a big catalyst in this they would step back. If they don‚Äôt stop bullying marginalized people, especially those with serious trauma (like being raped by a church member and it being covered up by the church) I foresee more of this happening.",1.0,9.0,0.0,negative
,antequammoriar,26,2023-03-30 13:45:22,"Apparently, there are some allegations of abuse perpetrated by the head of the schools.  It is unclear if the shooter had been abused by him but in the years when the abuse occurred, the shooter was a student there.",0.0,0.0,0.0,neutral
,psychotica1,9,2023-03-30 15:56:03,I also read those articles and won't be surprised if the shooter was one of those victims.,0.0,1.0,0.0,negative
,kh7190,9,2023-03-30 14:24:58,Doesn‚Äôt surprise me either. Is it true that there is insurance available for religions institutions to deal with the rampant sexual misconduct of their church leaders?,1.0,0.0,0.0,positive
,CraftsWithCats,8,2023-03-30 15:18:45,"Not an expert, but do have experience with nonprofit leadership and organizations that work with vulnerable populations. Generally, these types of organizations (churches, schools, nonprofits) have liability insurance, which covers some instances of abuse (a quick googling shows that what liability insurance covers RE abuse is often debated in the court cases, and is variable). Some insurance companies offer sexual misconduct insurance, which they market very broadly - the list there includes engineering companies, food/construction vendors who work on campuses, and more.

https://www.tmhcc.com/en-us/products/sexual-misconduct-and-molestation

So while, yes, there are deep problems with how many religious institutions fail to protect vulnerable populations and individuals, the presence of insurance policies around this isn‚Äôt necessarily a red flag - it‚Äôs a recommended business process across a variety of industries.",0.0,0.0,0.0,neutral
,kh7190,5,2023-03-30 15:24:44,Thank you for sharing this. Any statistics about how often religious institutions file sexual misconduct liability claims compared to other places?,0.0,0.0,0.0,neutral
,CraftsWithCats,2,2023-03-30 17:02:02,"Great question! Looking around online, it‚Äôs hard to find any data (and tbh, I‚Äôm not sure to what extent insurance companies are required to report on claims or to make data available, since I‚Äôm outside of that industry). Most of what I‚Äôm seeing in regards to data about sexual misconduct is EEOC reporting, in which the victims are employees, not constituents/clients/members/beneficiaries/stakeholders/etc, which is not really a useful comparison IMO (for those interested, the greatest number of EEOC sexual misconduct claims originated from the food services and accommodation industries, followed by the retail industry, with manufacturing and healthcare rounding out the top five).
 
Again, we should absolutely be concerned that churches have the level of abuse that we are seeing, but I think another important example of abuse and misconduct to look at is the Boy Scouts of America abuse settlement. The BSA‚Äôs two largest insurers were part of negotiating the settlement that was just upheld. While the BSA has strong relationships with churches (and an overall Christian alignment), they are a nonprofit organization that works with youth (according to a 2021 report by the center on nonprofits and philanthropy, 48% of nonprofits marked children and youth as one of their primary populations served). One of the things the BSA did not do well with (and similar to many churches) was having strong proactive policies in place that would restrict abuse opportunities, and enforcing those policies. Having organizational policies like always requiring at least two adults present (and especially having no one-on-one interactions), meeting in open rooms/visible spaces, etc - along with monitoring/oversight/enforcement of those policies, are good measures of how attentive an organization is protecting children/youth/vulnerable adults. 
 
An interesting side bar on abuse in religious spaces specifically: There are some denominations where the larger body has adopted specific practices that the individual congregations are expected to follow (I know the Episcopal and United Methodist denominations have existing policies). When churches are independent of a denomination (most evangelical churches), or belong to a denomination with very little governance(southern baptists), there is generally less oversight, fewer expectations, and fewer resources for creating policies for protecting vulnerable populations. One very large and glaring exception to this is of course the Catholic Church, which has tight denomination oversight and used that to NOT protect people. And the SBC used what governance they have to fail abuse victims as well.",0.0,2.0,0.0,negative
,antequammoriar,11,2023-03-30 14:29:14,"That is the case.  How bad does an organization have to be to have insurance for molestation committed by church leadership? I mean, damn.",0.0,1.0,0.0,negative
,kh7190,3,2023-03-30 15:13:59,It‚Äôs fucking sick.,0.0,1.0,0.0,negative
,-Average_Joe-,0,2023-03-30 16:53:56,I thought their insurance was bribing and/or leaning on politicians.,0.0,0.0,0.0,neutral
,kh7190,2,2023-03-30 15:13:00,That‚Äôs terrible.,0.0,0.0,0.0,neutral
,djmjrules,2,2023-03-30 14:33:21,"Ok, but if that is the case the plot really went off course when he killed numerous people who had nothing to do with it including little kids.",0.0,1.0,0.0,negative
,antequammoriar,8,2023-03-30 14:47:31,"For sure.  The shooter was completely unhinged regardless of their motivation. I don't think we can apply logic to someone whose actions weren't logical.

That being said, we still don't fully know the shooter's motivations or what led up to the events.  Almost everything regarding the shooter's mindset is speculation at this time (as far as I know).",0.0,0.0,0.0,neutral
,SlightlyMadAngus,35,2023-03-30 14:32:43,"Murder is Means, Opportunity & Motive.

Means: The shooter had access to legally purchase an arsenal of firearms.

Opportunity:  The shooter's family, friends and doctors missed or underestimated the shooter's mental crises.

Motive:  I suspect this is in the unreleased manifesto.  It certainly would not surprise me if it is related to the shooter's experience of real or perceived abuse at the christian schools they attended.

I think removing any one of these three would have prevented or at least made it more difficult for the shooter to commit this heinous act.  I want changes to be made in each of these areas.  We, as a nation of people need to stop talking about it and DO SOMETHING.

- Stop the sale of all semi-automatic firearms.  ALL.  Yes, this includes not only AR/AK platform rifles, but also semi-auto sporting & hunting rifles, shotguns and pistols.  It's not the ""solution"" but it's a start.  And yes, I own firearms, including semi autos.  I'm willing to give them up to make our world better.

- Make it much easier to obtain mental health treatment.  It should be available to everyone at no cost.  We should also fund more education programs to remove the stigma of mental health issues.  This education should start early and in all schools.

- Religion should no longer be allowed to dictate the definition of ""normal"".  Any religion that preaches being LGBTQ+ is ""evil"" is committing a hate crime.  It is no different than if they were preaching that certain races or nationalities were ""evil"" or ""less intelligent"".  This is simply unacceptable and our society should no longer allow it.   

This is no way absolves the shooter.  I refuse to consider the shooter a victim.  I don't give a shit what mental anguish you went through - there is NO justification for murdering six innocent people including three children.  You aren't a victim, you're just an asshole.

Recognize the significant issues.  Work to remove those significant issues and reduce the probability of it happening again.",1.0,2.0,0.0,negative
,kh7190,6,2023-03-30 15:14:31,I truly absolutely agree.,0.0,0.0,0.0,neutral
,Jeff_Portnoy1,3,2023-03-30 19:10:07,"Ok while your plan is an idea. It isn‚Äôt one that would work all because it is simply too late to ban guns. While you are willing to give up your guns, how many Americans are? I mean forget about the ones who collect guns, think about the ones who have guns that aren‚Äôt registered. You think a law that they are already breaking is going to just make them hand them over? And not only this, but what does the government do? Go around knocking on peoples doors and ask for guns? It just doesn‚Äôt seem doable. And this isn‚Äôt saying I don‚Äôt think we should just give up and throw our hands up but just rather think more and come up with a solution that will really help  Discuss",0.0,1.0,0.0,negative
,celade,2,2023-03-30 19:38:34,"Something being difficult is not the same as it being impossible (""too late"").

Given younger voters, shift in politics, etc., all kinds of things change. At one point someone pre-Civil War might've said it was ""too late"" for the Antebellum South to abolish slavery.

I do agree that there are practical issues. However, there are more types of solutions than confiscating guns. Merely making weapons harder to buy would be a big deal. Also, statistically, I would hazard a hypothesis that small changes in gun access would show amplified effects. Especially if we think about other conditions which lead to violence.

To me reducing availability of fire-arms seems easily doable. It only seems undoable at the extremes. The extremes seem doable over time, given small and intentional changes.",0.0,0.0,0.0,neutral
,SlightlyMadAngus,1,2023-03-30 20:40:51,"As I said, it's a start.  There are NO solutions that will guarantee all guns are removed from the street.  Waiting for such a perfect solution is pointless.  However, we can certainly stop the retail sale of all semiautomatic firearms, both new and used.  The firearms used by this shooter were purchased legally.  If they had been forced to purchase them illegally, that is another hurdle that the shooter would have needed to get over, and another opportunity for law enforcement to become involved.

As far as the existing semiauto weapons, one possible additional step is to outlaw all transactions involving semiauto firearms.  If you own one, you keep it - but you can't sell it or give it away.  If you do, you are breaking the law and the firearm is subject to seizure.  You can possess it or you can can destroy it.   

Another possible step is to outlaw the manufacture & sale of rimless cartridges AND the components for making those cartridges (brass, bullets & dies).  This would outlaw the vast majority of ammunition that is fired in semiautos, including 9mm, 10mm, .45, 5.56/.223 (used in ARs), 7.62x39 (used in AKs).  Sure, the existing ammo *could* be reloaded with existing dies, and brass for other calibers *could* be modified to use in a semiauto - but gang-bangers aren't going to have reloading presses and dies, and it is yet another huge hurdle for a mass shooter to get over.

The problem with EVERY firearm law I have ever read is that the people on the side wanting to implement the law seem to know NOTHING about firearms, and the other side is using their knowledge of firearms to make the laws useless.",1.0,1.0,0.0,neutral
,ToadBearMaster,1,2023-03-30 16:15:27,Well said.  Well said indeed.,0.0,0.0,0.0,neutral
,celade,1,2023-03-31 02:28:49,"Totally agree. Best points.

I think you did a good job of describing exactly where this stuff might generalize and these are areas I want to see change as well.

Sadly, my forehead is still sore from countering what are (hopefully) minority opinions about all victims being violent. Or about trans being equated with violent behavior. Empirically this just isn't what we see. So nice to see a clear and reasoned way of viewing these topics.",0.0,1.0,0.0,negative
,very_random_user,1,2023-03-31 11:25:01,You forgot the mental health issue which is by far more important than whatever is written in the manifesto. Only someone with psychopathic tendencies goes to a school and shoots children,0.0,0.0,0.0,neutral
,djmjrules,5,2023-03-30 14:32:08,"This is a topic that is hard to discuss without looking like you support what he did. I absolutely  do not support, condone, think people got what they deserved however living in an area where people are constantly making you feel less then human‚Ä¶ must be tough.",0.0,1.0,0.0,negative
,kh7190,1,2023-03-30 15:20:24,EXACTLY.,0.0,0.0,0.0,neutral
,trailrider,5,2023-03-30 14:41:03,"I mean, it's not an unreasonable assumption given what we know of Christian's hatred of LGBTQ's.  But as with all things, let's wait to see what authorities find out.",0.0,0.0,0.0,neutral
,Ordinary_Liberal_57,1,2023-04-27 11:57:24,And LGBT's hatred of Christians.,0.0,0.0,0.0,neutral
,WystanH,6,2023-03-30 15:05:23,"When a school kid shoots up a school they attended, bullying is at the top of the list of likely motivations.

If the shooter is part of a group likely to be bullied, like LGBTQ+ in a Christian school, then it would be surprising if this weren't the motivation.",0.0,0.0,0.0,neutral
,hermeb78,6,2023-03-30 16:24:49,"Waiting for the manifesto myself but in the mean time:

‚ÄúThe ACLU is tracking 26 anti-LGBTQ bills in Tennessee‚Äù

Pretty sure my mental health would be wrecked also. These laws, the grooming accusations, armed opposition showing up to harass you. 

I was raised by Buddhist parents and will leave this here:

Buddhism teaches that the law of cause and effect underlies the workings of all phenomena.",0.0,1.0,0.0,negative
,TheLegend---27,1,2023-04-09 14:57:01,">‚ÄúThe ACLU is tracking 26 anti-LGBTQ bills in Tennessee‚Äù

SB 1440, a bill that attempts to discriminate against LGBTQ+ Tennesseans by codifying ‚Äúsex‚Äù as ‚Äúa person‚Äôs immutable biological sex as determined by anatomy and genetics existing at the time of birth and evidence of a person‚Äôs biological sex‚Äù throughout state code.

Earlier this month, Governor Bill Lee signed a bill that will prevent transgender youth from accessing age-appropriate, best practice medical care. The Governor also signed the country‚Äôs first ban on some drag performances in one of our country‚Äôs legendary music capitals - restricting artists‚Äô freedom of expression and ability to entertain and perform.

So they're implementing common sense, nice to see. 

If having common sense and not wanting to sexualize children is transphobic so be it. if you're supporting drag shoes your probably a closet p√§do

And if you think theres ""age-appropriate medical care"" then there's no helping you, trying to mutilate kids",1.0,0.0,0.0,positive
,Itsbadmmmmkay,5,2023-03-30 15:33:10,We shouldn't even theorize? I'll agree facts are important but occam's razor says the simplest scenario is most often the correct one so... I'll be honest it was the first thing that popped into my head.,1.0,0.0,0.0,positive
,kh7190,2,2023-03-30 15:43:10,"Right. And just because I said it I guess it means I‚Äôm attacking trans people. My point was to vilify Christianity, as is why I posted this to this subreddit. But I am not condoning what he did. I‚Äôm just sick and tired of Christians voting against things that support LGBTQ+ and I‚Äôm tired of them harassing people into becoming mentally ill. I‚Äôm fucking tired of religion controlling everything we do in this fucking country. And then Christians act surprised when violence finds them. And then they have the audacity to say it‚Äôs a hate crime. It‚Äôs the same as the Black man killing Jeffrey Dahmer and calling it a hate crime when JD specifically targeted black people and was a racist.",0.0,7.0,0.0,negative
,Itsbadmmmmkay,1,2023-03-30 15:47:54,"Welcome to cancel culture and the hypocrisy within it.  I hate it too. If it makes you feel any better, not all Christians are what you think and portray above.  Just the loud ones, which makes them seem like a bigger group than they really are.",0.0,1.0,0.0,negative
,kh7190,1,2023-03-30 15:53:31,"True. But a majority of Christians vote in a discriminatory way. They might be nice to your face, but vote to take your rights away, keep you from voting, read what you want to read, let gay people marry, won‚Äôt let a woman get an abortion, etc.",1.0,0.0,0.0,positive
,Itsbadmmmmkay,0,2023-03-30 17:52:36,"And you say majority... in my experience it's less than half, because a large portion I know aren't politically active and others vote the way they do for reasons other than social policies (namely,  their wallet). I know Christians who are just adamantly against social welfare programs, but have no issues with gay marriage or the LGBT community or registering their guns. This is the inherent flaw in a two party system.  There isn't enough diversity to capture what a voter really wants. And the more reasonable rational nuanced voter gets lumped in with the crazies and extremists in each party.",0.0,0.0,0.0,neutral
,Itsbadmmmmkay,1,2023-03-30 16:02:20,"In history,  Republicans  have been about 1 generation behind on social issues. Slavery, women's suffrage, African American suffrage, etc., the country moved forward,  it always does,  and I think for the next generation,  ""Trans rights"" or ""racism"" will be old news and as boring a discussion as any dicussion on slavery is today.  But some people just want to fuel the fire. We can't let a vocal few keep us from compromise and progress and if you vilify and generalize your fellow American citizens that's exactly what you're doing.",1.0,0.0,0.0,positive
,BoilingFrog71,7,2023-03-30 14:14:30,not just bullied but probably abused.,0.0,0.0,0.0,neutral
,kh7190,4,2023-03-30 15:16:45,Exactly my point.,0.0,0.0,0.0,neutral
,psychotica1,7,2023-03-30 15:54:03,"Someone posted links to a bunch of articles about sex crimes at that school. One of the priests took ""troubled"" kids into his home and abused them. Some of the kids were taken over there by the school without the parents asking. This took place during the time the shooter attended the school. He didn't know if this happened to the shooter but it wouldn't be surprising if they were noticed for having gender identity questions.",0.0,0.0,0.0,neutral
,kh7190,4,2023-03-30 15:58:44,Omg that‚Äôs terrible!!,0.0,0.0,0.0,neutral
,psychotica1,5,2023-03-30 16:01:21,If they were a victim I hope it comes out so people know that the mental health issues are related to sexual abuse at the hands of the school and not just because they were trans. I'm very curious about the letter that was left behind.,1.0,0.0,0.0,positive
,Loki-L,13,2023-03-30 13:25:25,"Random speculation is wrong and bad.

Reality rarely fit the clean and nice narrative you make up in your own head.

If you make up a story that seems likely to you without enough information you make yourself look bad when more information comes out that contradicts.

At worst you will look no better than all the people on fox news who rant against conspiracies that only exist in their own head.",1.0,3.0,0.0,negative
,kh7190,7,2023-03-30 15:11:36,"Ew god don‚Äôt compare me to Fox News lol. Not sure why my sympathy for the gunman is being targeted after I found out the statistics of how much transgender folks are bullied. It‚Äôs no different than saying systemic racism is behind the stereotype that Black people are violent. They aren‚Äôt inherently violent, but the circumstances they deal with based on their race is a contributing factor to where the stereotype came from.",0.0,0.0,0.0,neutral
,bradywhite,3,2023-03-30 16:36:04,"""Not sure why my sympathy for the gunman is being targeted""",0.0,0.0,0.0,neutral
,RandomGirl42,3,2023-03-30 14:55:35,"Based on the information made public on this particular case, it's at the very least a stretch. After all, the story's been pretty much from the start the school wasn't even the only target the shooter considered, and there seems to be no indication any of the victims were intentionally targeted.

Given the shooter clearly prepared for while, getting those guns, deciding on a (first?) target, and planning, one would expect the plan to involve intended targets if there were a specific school-realted cause for the shooting to take place at the school (specifically, teachers who did not prevent the bullying, or former students now employed at the school).",0.0,0.0,0.0,neutral
,PocketGoblix,3,2023-03-30 15:40:05,This would have never happened if they didn‚Äôt have access to a gun in the first place.,0.0,0.0,0.0,neutral
,kh7190,3,2023-03-30 15:49:50,True.,0.0,0.0,0.0,neutral
,Rikathchii,3,2023-03-30 16:12:47,"See it could very well be the reason, but even if the reason was ""bullied because he was trans"", you're talking to the bullies with so little self awareness that the only reason they can come up with is ""she was trans""

I don't think conservatives/christians could be happier that the shooter was trans, it gives them an excuse to absolve themselves of any guilt (hint: it doesn't) from being wretched transphobes and say it's okay to kill TEH EVIL TRANSES for the greater good or some shit. Bonus points that the trans person in question ended up dying, that was their main goal all along.

That's the main objective from all their transphobia, eliminating left handed peopl-- I mean transgender folks.

^(Also yes obligatory disclaimer I do not condone the actions of a mass murderer, it's the guns y'all, and everything else reasonable.)",2.0,4.0,0.0,negative
,revtim,3,2023-03-30 16:50:03,"It may or may not apply here, but I recall tweets from conservatives stating that LGBTQ people are more prone to suicide and suicide attempts.  Their attempted point, I gathered, is that people shouldn't \*be\* LGBTQ, as if they somehow choose to be.

Of course the real reason they attempt suicide more is because they are treated like shit by people like the douchenozzle making that tweet.",1.0,1.0,0.0,neutral
,Many_Rule_9280,3,2023-03-30 18:01:43,"As I've said somewhere else today (and as a gun owner). Yes something needs to be done about it ***without*** criminalizing millions of law abiding Americans. But that won't be the solve all end all for it. Their is no safety nets in place for anything unless you are rich or got lucky to make a decently large income. As a gun owner I literally hope I never have to use them on another human being, ever. And can just continue to go to a range and unalienable a bunch of paper targets and spend time with friends and family for a couple hours. Considering everything their is a ***bunch*** of things that need to be fixed at this point.",2.0,0.0,0.0,positive
,Zombull,3,2023-03-30 18:13:28,"Of course it isn't wrong to discuss the possibility. It seems to be a complex, nuanced case. Just the sort of thing the right likes to oversimplify and distort for their narrative.",0.0,1.0,0.0,negative
,Comfortable_Front370,3,2023-03-30 18:28:57,"The FBI plans to release the manifesto soon. Hopefully, they don't edit it.",0.0,0.0,0.0,neutral
,JaiC,3,2023-03-30 20:15:58,"Indeed, perhaps we should be asking what these Christians did to deserve it.  

That's what the Republicans would want us to do, after all.",0.0,0.0,0.0,neutral
,Euphoric-Dance-2309,8,2023-03-30 14:18:55,"Whether or not they were bullied, the fact is they killed little kids. There is no excuse. I just hate that this will be used to villainous trans people when really it‚Äôs an indictment of our whole gun culture.",0.0,2.0,0.0,negative
,kh7190,2,2023-03-30 15:19:46,"It‚Äôs to vilify Christians that aren‚Äôt accepting of transgender individuals. Because they created the monster that is Aiden. And if the school is complicit in his abuse then.. it‚Äôs horrific. It‚Äôs a toxic culture that produces toxic people. Hurt people will hurt people. Take away the guns, yeah. But how about we stop hurting people? It‚Äôs a multi-faceted issue.",0.0,4.0,0.0,negative
,Euphoric-Dance-2309,4,2023-03-30 15:29:56,"I agree with you, everything is multi-faceted. I just see the counter-argument being that we only want to show compassion when it‚Äôs a trans-gender individual and not a white male.",1.0,0.0,0.0,positive
,[deleted],1,2023-03-30 15:45:10,"I agree that we should stop hurting people.  The problem I have with this ‚Äúcreated‚Äù monster and that I am pretty sure most trans people have suffered disrespect and possibly abuse but they didn‚Äôt murder innocent children.    Had she snapped on someone who was abusing her and killed them or gone back in after a teacher that abused her that would make more sense.   I am a woman that has been sexually abused and raped, yet I don‚Äôt want to murder young boys or even men who have done nothing to me.  This was a planned and thought out attack on kids at a school that just makes a shooters whole demographic look bad instead of raising any kind of awareness of mistreatment.  She was cowardly about it instead of standing up to or snapping on adults and people who have mistreated her she goes and takes the lives of children.",0.0,5.0,0.0,negative
,kh7190,-2,2023-03-30 15:51:26,The transgender person was a man.,0.0,0.0,0.0,neutral
,DatDamGermanGuy,12,2023-03-30 13:42:47,It is wrong because it is irrelevant. Another person who shouldn‚Äôt have had guns shot up a school. That‚Äôs the bottom line. The sexual identity of the shooter in just Republican Kabuki Theater and you are falling for it‚Ä¶,0.0,1.0,0.0,negative
,JJGIII-,3,2023-03-30 14:58:46,"I strongly agree. This is going exactly as the right wants. They are demonizing all trans people, just as expected, with this mass shooting. In turn, the left are seen as victimizing the shooter as opposed to the actual victims of the shooting.",0.0,0.0,0.0,neutral
,oz6702,8,2023-03-30 15:37:23,">Edit2: the root cause of mass shootings is and always be guns and how easy it is to possess one. My post was more or less trying to address the issue from the perspective of those that think guns aren‚Äôt the issue. Because those same people also vote against mental health resources time and time again. 

Just to be fair to OP, they're very much saying that they do not agree with this narrative. And I don't, either. I do wonder if the shooter was bullied or abused or both, and if that contributed to their motivation, but at the end of the day, that's academic. The problem is that 3 innocent children are dead because this person's anger met with their incredible ease of access to guns.",0.0,1.0,0.0,negative
,Shauiluak,6,2023-03-30 15:36:53,"We don't need to theorize, there is a 'manifesto' that hasn't been released.  Just please give it time for that to come out.  Anything else is just gasoline on the fire against us trans people.

Edit:  Sure downvote me for not wanting people to throw out ideas that might have nothing to do with it.  We don't know much about this shooter, and we've got Right Wing talking heads now violently calling us the Enemy of Christianity and saying they should take our guns and 'do something' about us.. but yeah.  Downvote me for wanting to go for calm for mine and other trans people's personal safety as this situation spirals out of control.",0.0,0.0,0.0,neutral
,BlishBlash,6,2023-03-30 14:14:33,"All mass shooters have some personal gripe. It doesn't matter. What matters is the insane amount of guns we have in the US (more guns than people!), that are very easy to access. That's what sets us apart from every other industrialized country in the world.",0.0,1.0,0.0,negative
,kh7190,3,2023-03-30 15:17:00,Agree.,0.0,0.0,0.0,neutral
,BalamBeDamn,2,2023-03-30 16:12:31,"I think you made some very good points and I would also like to know if they are unwilling to blame gun legislation, what are they willing to blame?",0.0,1.0,0.0,negative
,kh7190,2,2023-03-30 16:26:57,"Exactly. Like what do they want lol because it CAN‚ÄôT be toxic Christian culture, absolutely no way. /sarcasm",0.0,0.0,0.0,neutral
,TaleEnvironmental355,2,2023-03-30 16:36:36,they have a manifesto  they said explains everything  the cops are not giving out and probably never know   had their own reasons   given their last messages were weird and we will  probably never know them best not to think too hard about the why  because that's what they want  to create hate and discourse,0.0,2.0,0.0,negative
,Dewahll,2,2023-03-30 17:57:50,"I think that‚Äôs the most logical conclusion.
We of course don‚Äôt know, but he could have been bullied for most of his life and now with recent legislation against trans people and even talk from some of putting them in camps decided he‚Äôd had enough. Also we don‚Äôt know how he was treated at that school (from my understanding he attended it when he was younger) Maybe he was abused? We really don‚Äôt know. Also I‚Äôve read his parents weren‚Äôt particularly accepting of him being trans. Many factors. Hopefully they release his manifesto.

All that being said, his actions were abhorrent. Violence should never be the answer. It‚Äôs a shame that we have a society where we allow people‚Äôs mental health to get to a point where this happens. I wish we as a society would condemn hate, bigotry, and violence. Though it seems some are hell bent on hating and oppressing others, regardless of how much death and destruction it causes. We need to do better.",2.0,2.0,0.0,neutral
,kh7190,2,2023-03-30 19:37:02,Camps???,0.0,0.0,0.0,neutral
,Dewahll,2,2023-03-30 20:48:20,Todd Kincannon (former) executive director of the South Carolina Republican Party is one example.,0.0,0.0,0.0,neutral
,sc0ttt,2,2023-03-30 18:07:29,"I would also caution against speculation.

But here are some thoughts on why a particular shooter might pick a particular venue:

1. Easy target - high body count
2. Lots of publicity
3. They were familiar with the building because they worked or schooled there.
4. Grudge against the owners or employees

The Nashville shooter didn't seem to be very well organized, this could've been a LOT worse... like Sandy Hook. 

So it's easy to imagine that #4 played a role in this incident, but there may have been dozens of other grudges having nothing to do with gender issues.",0.0,0.0,0.0,neutral
,Jeff_Portnoy1,2,2023-03-30 19:07:36,"Either way, you don‚Äôt shoot fucking children. I mean seriously how fucked of a thing to do. ‚ÄúOh they are not accepting me I am going to show them by shooting some 9 year olds! Yeah that will get ‚Äòem!‚Äù",0.0,2.0,0.0,negative
,Peaurxnanski,2,2023-03-30 19:12:54,"Yes, it's ok to theorize about motive, as long as your goal isn't to find a way to excuse their actions. There is no excuse. Literally none. There is never a justifiable reason to pick up a weapon and hurt/kill children. I don't care how much someone else made fun of you.",2.0,2.0,0.0,neutral
,Dredly,2,2023-03-30 19:47:45,"It was a religious school,  safe money is on molestation",0.0,0.0,0.0,neutral
,HorrorDirect,2,2023-03-30 23:11:15,"Possible. I think it was a revenge thing on the school and how she was treated. Not an excuse to kill innocent children, but some people are just crazy trans or not. Her mental problems had nothing to do with her gender identity. Anyone can be a psycho.",0.0,2.0,0.0,negative
,SnowflowerSixtyFour,2,2023-03-30 23:52:27,"So it may be unrelated, but a politically well connected pastor associated with the school, John Perry, is known to have been raping AFAB students around the time the shooter was going to school there.  The pastor managed to get away scot free because the statute of limitations had passed.  the school, of course, covered it up.

It‚Äôs absolutely circumstantial, so take it with a grain of salt, but my theory is that the shooter was one of the victims and decided to take revenge.  With horrific results.

https://www.buzzfeednews.com/article/andrewkaczynski/co-author-of-mike-huckabee-books-was-accused-of-child-molest",0.0,0.0,0.0,neutral
,JinkyRain,2,2023-03-31 00:30:30,">people were saying I was condoning violence

I hate when people do that.    It's NOT an attempt to shift the blame, it's an attempt to identify the unwitting accomplices that contributed to the lethal result, because they deserve to face justice, even if the shooter is no longer able to.",0.0,1.0,0.0,negative
,kh7190,2,2023-03-31 17:52:21,Exactly because what if there was abuse going on and he was a victim of it,0.0,0.0,0.0,neutral
,jewtaco,2,2023-03-31 03:51:48,Even if that‚Äôs the case. It doesn‚Äôt justify what they did even remotely.,0.0,0.0,0.0,neutral
,kh7190,1,2023-03-31 17:48:51,Am I justifying? No.,0.0,0.0,0.0,neutral
,SiofraRiver,2,2023-03-30 14:45:00,"In a vacuum there is nothing wrong with that, but in the current climate we should at least be cautious. You can be bullied for all sorts of things at (Christian) schools, and worse things than bullying can occur.",0.0,2.0,0.0,negative
,I-am-a-memer-in-a-be,2,2023-03-30 23:32:22,"I don‚Äôt want to speculate until we get a press release from the cops but it‚Äôs a reasonable theory. Christian bigots make this poor girls life a living hell, traumatize her, then she goes postal. All realistic.",0.0,0.0,0.0,neutral
,EverymanGirl,3,2023-03-30 13:53:19,"I‚Äôm non-binary queer myself, and I agree with others that this framing is ‚Ä¶unhelpful at minimum.

I think framing trans people as violent, ticking time bombs is an extremely bad idea. It feels ‚Äúvictim blaming‚Äù in the same way as blaming gun violence on bullying. Instead of changing people‚Äôs behavior to be more accepting, it just makes people more likely to judge the bully victims. And as a person went to high school in the early 00s right after colombine, I think the additional scrutiny on bullied kids is horrible and helps no one.

I don‚Äôt think you‚Äôre victim blaming, btw. I think you‚Äôre seeing the rise in transphobia, particularly from religious institutions, and I think you‚Äôre concerned for the majority non-violent queer people under attack. But I think it‚Äôs important to separate discrimination as it‚Äôs unique issue.

Gun violence is due to guns.",0.0,3.0,0.0,negative
,[deleted],0,2023-03-30 14:13:23,[deleted],0.0,0.0,0.0,neutral
,EverymanGirl,4,2023-03-30 14:14:49,"And I‚Äôm saying that‚Äôs a super bad framing and places a target on the rest of us!

Transphobia doesn‚Äôt make most of us turn to gun violence!",0.0,1.0,0.0,negative
,Mister_Silk,4,2023-03-30 15:03:27,"I think you need to stop. There is no correlation between being trans and having a propensity to violence. There is also no correlation between mental illness and propensity to violence. In fact, both groups have a much higher risk of becoming the *victims* of violence, not perpetrating it.",0.0,0.0,0.0,neutral
,theloop82,2,2023-03-30 14:50:57,"You can call it whatever you want but any time you are shooting random people and children its just mental illness. It‚Äôs like a cake, where the cake is mental Illness and the frosting is whatever the shooter writes their manifesto about.",0.0,0.0,0.0,neutral
,IMTrick,1,2023-03-30 15:29:47,"Seems a bit pointless to try to guess why someone may have done something like this. Yes, it may have been bullying, but it could easily have been something else. It's not easy for most people to figure out what was going on in the head of a person who would shoot up a school.

We'll either find out what the reasons were eventually, or we won't. Making up narratives to make sense of it really isn't any more than a morbid game.",0.0,1.0,0.0,negative
,kh7190,1,2023-03-30 15:48:36,"How is it pointless when trying to figure something out is the only way to solve an issue that keeps reoccurring? Like someone else said, the solution is multi-faceted - we need better gun legislation, religion shouldn‚Äôt have a say in who gets freedoms and rights, etc. it‚Äôs absolutely not morbid. Wanting to ignore the issue and chalk it up to ‚Äúhe was an unhinged asshole‚Äù is morbid. It‚Äôs normal to speculate. The chances of a trans person shooting up a school is SO FUCKING RARE. Let‚Äôs investigate why. And it‚Äôs not JUST guns.",1.0,0.0,0.0,positive
,DegenerateXYZ,1,2023-03-30 16:26:13,"Every time this happens, people from all sections of the political and religious spectrums want to point fingers and try to find a reason why someone decided to walk into a school and murder people. In my view there is only reason. Arguing about the motives is pointless and does more harm then good. The only reason someone does this is because they are a complete psychopath, and somehow had easy access to firearms. We‚Äôve gotta figure out a way to keep the lunatics away from the guns. I don‚Äôt know how, but we have to find a way. Otherwise we will either just have to ban all guns in America, or put 2-3 armed cops in every school every day.",3.0,3.0,0.0,neutral
,Subject_You3151,1,2023-03-31 04:17:03,"I would gladly give up every gun I own if it meant putting an end to mass shootings. This country is a laughingstock to the rest of the world. Events like this borderline make me ashamed to be an American. When they scribbled shit on a piece of parchment paper 250 years ago, I don't think they ever thought that we would have semi-automatic, large caliber, high-capacity rifles.",0.0,1.0,0.0,negative
,kh7190,1,2023-03-31 17:57:43,"Yup, they were talking about muskets not assault weapons",0.0,0.0,0.0,neutral
,rock0star,1,2023-03-30 14:50:01,I don't care about the motives or sob stories of child murderers,1.0,1.0,0.0,neutral
,Ericrobertson1978,1,2023-04-05 19:18:06,"Understanding what drives people to murder innocent children is pretty freaking important, in all honesty.",0.0,0.0,0.0,neutral
,rock0star,2,2023-04-05 19:18:45,Fair,0.0,0.0,0.0,neutral
,Clenplate,0,2023-03-30 16:46:15,"Personally,I don't think we understand this phenomena of mass shootings enough yet to speculate any of the shooters motivations/reasoning.",0.0,0.0,0.0,neutral
,jeffa_jaffa,0,2023-03-30 17:17:40,"Just a heads up, *Transgenders* isn‚Äôt the best word to use, it‚Äôs better to say *transgender people* in the same way you‚Äôd say *tall people* or *skinny people*. Otherwise I think you make some very valid points.",1.0,0.0,0.0,positive
,kh7190,5,2023-03-30 19:41:48,Sorry for the verbiage.,0.0,0.0,0.0,neutral
,Wyrrmkidd,0,2023-03-30 17:19:54,"This isn‚Äôt a productive conversation. Of course people shouldn‚Äôt be bullied. Trans people are bullied arguably more than any other minority right now, and that‚Äôs awful.

Those kids didn‚Äôt bully him. He shot children. Emphasizing his transness and how it relates to his horrific crime does nothing but hurt the trans community. He didn‚Äôt shoot kids because he‚Äôs trans, he shot kids because he is a warped person who wanted to hurt people who couldn‚Äôt do anything back because that‚Äôs how he felt. 

Trans people don‚Äôt shoot up Christian schools because of bullying, trans people kill themselves because of bullying.

Delete this.",0.0,4.0,0.0,negative
,kh7190,3,2023-03-30 19:41:15,He knew he was going to die shooting up a school. Suicide by cop. And with 181 upvotes I‚Äôm not deleting anything.,0.0,1.0,0.0,negative
,Lilshotgun12,0,2023-03-31 01:01:57,"My friend those children had nothing to do with that if that was the case 

This is just plain victim blaming",1.0,0.0,0.0,positive
,kh7190,2,2023-03-31 17:51:38,I see that you lack critical thinking skills.,0.0,1.0,0.0,negative
,Ericrobertson1978,1,2023-04-05 19:34:17,"Pointing out likely reasons a person finally snapped and went postal isn't victim blaming. 

Nobody is defending this child murdering monster, we are simply trying to figure out WHY. 

I truly hope they release the manifesto.",1.0,0.0,0.0,positive
,Electronic-Tip-3892,0,2023-03-31 03:10:24,"In her final text she refers to herself as Audrey. Seems like she just wanted to kill kids and be famous

https://www.newschannel5.com/news/she-checked-her-instagram-she-didnt-expect-a-message-from-the-covenant-school-shooter?_amp=true",0.0,2.0,0.0,negative
,kh7190,1,2023-03-31 17:50:22,Police said he used he/him pronouns.,0.0,0.0,0.0,neutral
,Electronic-Tip-3892,-1,2023-03-31 21:55:37,"Sure. Used. But based off her final text she refers to herself as Audrey. Doesn‚Äôt seem like deadnaming. Maybe she went back to identifying as female. Nobody knows. But based on her last texts it sure seems like it. Or not?  Seriously how do you interpret that text?

In reality it‚Äôs all a huge red herring.",0.0,0.0,0.0,neutral
,Feinberg,1,2023-03-31 21:58:28,It strikes me as a final fuck you. As if to highlight the role of deadnaming in setting the stage for the attack.,0.0,0.0,0.0,neutral
,Electronic-Tip-3892,1,2023-03-31 22:47:15,That is quite a leap. But maybe. I guess well never know.,0.0,0.0,0.0,neutral
,Feinberg,2,2023-04-01 02:01:14,It's no more of a leap than deciding that this person who had struggled for years to have his male identity acknowledged just suddenly changed his mind for no reason.,0.0,0.0,0.0,neutral
,Electronic-Tip-3892,1,2023-04-01 02:31:21,"Was it years? How do you know?  Are you a close friend?  You‚Äôre projecting and you really have no idea what was going on. Based on evidence it seems she at one point identified as a man but also identified as a woman. So maybe non-binary.  Unless you actually knew firsthand what their preferred pronouns were everything is literally hearsay

I stand by my original comment that the gender discussion is a huge distraction.  I interpret the text literally as ‚ÄúI‚Äôm going to go kill myself and you‚Äôre going to see it on the news because I‚Äôm going to kill kids too and people will finally pay attention to me.  Signed Audrey (Aiden)‚Äù

I think that‚Äôs much less of a leap than some deadnaming grievance. But you do you",0.0,2.0,0.0,negative
,Feinberg,2,2023-04-01 04:20:53,"There have been several comments by the parents and people close to the family to that effect. 

>Based on evidence it seems...Unless you actually knew firsthand what their preferred pronouns were everything is literally hearsay

You're asking for a different standard of evidence for my claim than yours.

>I stand by my original comment that the gender discussion is a huge distraction.

You also said nobody knows what the case actually is, and yet for some reason you seem to be super eager to argue that it's not deadnaming. I'm not even claiming that's the case. I'm basically saying the same thing you are, and you're giving me shit about it.",2.0,1.0,0.0,positive
,danderzei,0,2023-03-31 06:45:47,There is ne er one simple reason. Mental illness and guns are an unhealthy combination.,0.0,0.0,0.0,neutral
,J-Nightshade,0,2023-04-01 13:20:01,"Reason why they shot the children is irrelevant. It's a terrible thing they did whatever the motivation. Whether someone was bullied in that school or not does not matter in the context of shooting. If the bulling took place the schools could be held accountable for the psychological state of it's victims, but should not be held accountable for the actions of the shooter. It's on the shooter and on whoever else contributed to the their thought that shooting children is a good idea.",0.0,1.0,0.0,negative
,kh7190,1,2023-04-02 21:53:26,"So let‚Äôs not try to figure it out I guess, all shooters are just inherently evil I guess. Guess what, evil isn‚Äôt real",0.0,0.0,0.0,neutral
,AlphaVictor503,0,2023-04-01 15:12:55,"There was no HE, get that through your slow head. It was a she.  And IT was mental like all the ITs",0.0,0.0,0.0,neutral
,kh7190,2,2023-04-02 21:52:08,Ok little boy. You have negative karma?? Lol you ARE an ass!! Good for you!,0.0,0.0,0.0,neutral
,Emergency_Hunter_766,1,2023-04-01 15:59:02,THANK YOU!!!! I was looking for this comment. It is a she.,0.0,0.0,0.0,neutral
,Ordinary_Liberal_57,0,2023-04-27 11:55:39,"So you justify the shooting and the killing of three innocent children, long as they are christians and the shooter is trans?

Fascism at its finest.

Edit: oof, something seems to have happened to the OP, after he commented on me and tried excuse the murder of 3 children, by a psychopath trans-person. Who would have guessed? He couldn't...",0.0,1.0,0.0,negative
,kh7190,1,2023-04-28 11:24:35,I‚Äôm sorry that you don‚Äôt understand context. I feel bad for you,0.0,1.0,0.0,negative
,Snoo24498,-1,2023-03-30 17:39:39,Christianity disapproves of their life choices but will never wish harm towards them. There is no justification in this vile attack.,1.0,0.0,0.0,positive
,kh7190,1,2023-03-30 19:39:26,They will vote against them though. Which is harmful. And I didn‚Äôt know you were the PR for Christians.,0.0,0.0,0.0,neutral
,Zombull,1,2023-03-30 18:14:37,Didn't see anyone trying to justify it.,0.0,0.0,0.0,neutral
,Dragonicmonkey7,-1,2023-03-30 18:11:29,"This seems like a non starter. 

""If everyone was nice no one would be mean"" is essentially all you're saying.",0.0,0.0,0.0,neutral
,kh7190,3,2023-03-30 19:35:51,That‚Äôs what the conservatives believe. Because it can‚Äôt possibly be the guns.,0.0,0.0,0.0,neutral
,Dragonicmonkey7,0,2023-03-30 19:41:29,"I don't think it matters if it's the guns or not, considering they're a right.

I'm just pointing out that this idea of yours isn't fleshed out in any meaningful way.",0.0,0.0,0.0,neutral
,kh7190,2,2023-03-30 21:50:40,It is actually but thanks for your opinion.,0.0,0.0,0.0,neutral
,Revolutionary-Pin698,-1,2023-03-31 03:34:07,Who knows. It is weird that people are trying to blame the death of these kids on christians. Something tells me if this was an islamic school you wouldn't have the balls to say the kids died because of Islam's views on trans people.,0.0,2.0,0.0,negative
,Mymidnightescape,2,2023-03-31 15:45:39,"You clearly don‚Äôt spend time on this subreddit because yes we fucking would. We would absolutely blame Islam if it were because of Islam, but it isn‚Äôt because the Koran actually acknowledges our existence  and says to respect us. Only christians are engaging in genocide of trans people

https://www.un.org/en/genocideprevention/documents/Genocide%20Convention-FactSheet-ENG.pdf

These deaths are on the heads of christians, I do not condone the killing of innocent children, but this would not have happened if christians were not actively trying to erase our existence and force us into the shadows.",1.0,3.0,0.0,negative
,abraxas1,-1,2023-03-31 04:27:27,"didn't read but,

Pyshco gonna psycho.

largest influence in this case is probably the popularity of the whole thing. 

like flies to molasses

and pedos to the church.",0.0,0.0,0.0,neutral
,Gokusus,-1,2023-03-31 09:33:38,atheist try not to blame all the worlds problems on religion challenge \[DIFFICULTY: IMPOSSIBLE\],0.0,1.0,0.0,negative
,Hopeful-Base-2769,-1,2023-03-31 12:34:41,Killing someone because of their beliefs is wrong. Period. None of those children or staff deserved to be killed. Period. Opposing views in religious practices or sexual preferences does not prevent you from having empathy for another human being. This was a HATE CRIME against Christians. Period.,1.0,0.0,0.0,positive
,CoalCrackerKid,-5,2023-03-30 13:28:07,"> Christians aren‚Äôt accepting of transgenders, generally.

I'd point out that you're the one that keeps using ""he"".",0.0,0.0,0.0,neutral
,EverymanGirl,9,2023-03-30 13:37:54,"The shooter was a trans man, so he/him is correct.",0.0,0.0,0.0,neutral
,CoalCrackerKid,5,2023-03-30 14:05:02,"If so, I'll accept the correction (and hope that every media outlet and friend using ""she"" follows suit), but are we sure that this is correct? Because while it's always possible that this is right & everybody else is wrong, I try to slow down and fact check things when I sense that I'm in one of those situations.

edit: found a citation that confirms it...OP's right and I'm wrong. I stand corrected.

https://www.independent.co.uk/news/world/americas/crime/audrey-hale-nashville-shooter-manifesto-b2310840.html",2.0,0.0,0.0,positive
,kh7190,6,2023-03-30 14:12:20,His name was Aiden. The news isn‚Äôt reporting it correctly.,0.0,0.0,0.0,neutral
,CoalCrackerKid,3,2023-03-30 14:15:22,"While I see that now, it seems bigger than merely the news. Friends & family were deadnaming and using she/her pronouns as well (which is what made me question things). Even the mother.

This seems like one of those stories that starts dark & tragic, and only gets worse with time.",1.0,1.0,0.0,neutral
,bike_it,2,2023-03-30 14:50:28,"With the mislabelling of ""she/her"" I think some of that is because the right-wing media keeps mentioning the shooter by name and sex and showing pictures of their female persona (because they're scapegoating trans people). That gets the person out in the lexicon more than it should. The sane news coverage mentions the shooter's ID briefly, but they talk more about the victims (like the 9-year-old hero that pulled the fire alarm, Evelyn Dieckhaus, and the administrator that likely confronted the shooter, Katherine Koonce), the recovery, etc. We're not supposed to talk so much about the shooter so that we do not glorify them and possibly encourage others.",0.0,0.0,0.0,neutral
,CoalCrackerKid,1,2023-03-30 14:56:54,"I can't blame right-wing or left-wing media for friends & family misgendering him, though agree that mental energy, in this case, would be better spent on the victims & their families.",2.0,1.0,0.0,positive
,kh7190,1,2023-03-30 15:16:27,And that‚Äôs harassment and lack of acceptance.,0.0,0.0,0.0,neutral
,CoalCrackerKid,1,2023-03-30 15:29:26,"Stipulated. Hence my initial bias towards thinking that folks who knew the shooter in person might have been the ones who had it correct.

To the point another commenter made that I agreed with, though, I'm sad for the victims, because getting shot by someone shows a pretty massive lack of acceptance on the shooter's part too...so I'll likely work to devoting more of my headspace on this story to them.

You had it right in your initial post, though. Well worded.",0.0,2.0,0.0,negative
,Electronic-Tip-3892,0,2023-03-31 03:04:43,"She herself referred to her as Audrey in her final text 

https://www.newschannel5.com/news/she-checked-her-instagram-she-didnt-expect-a-message-from-the-covenant-school-shooter?_amp=true",0.0,0.0,0.0,neutral
,Mister_Silk,1,2023-03-30 14:49:04,"I think it's wrong to theorize ahead of the facts. There is no indication the shooter had any particular beef with the school, the church, his family, or anyone else. Something like that may be released later, but as of now, nothing.

On the other hand, information has been released that the shooter also considered a mall and another school, but abandoned those plans because of security. It's also a fact that Nashville Public Schools have a resource officer on-site for security but this particular private school did not.

It could easily be that the shooter selected the softest target available out of a variety of options and none of it had to do with Christian hate. He did quite a bit of research and planning beforehand and it doesn't appear (as of now) that he was on any particular mission to kill Christians. There is also no indication this had anything to do with his gender or sexual identity and I think it's a mistake to make that leap.

It's probably best to wait further information from the shooter's writings and mental health history before forming any kind of conclusions.",0.0,2.0,0.0,negative
,Thatguyxlii,2,2023-03-30 16:03:06,"A Christian school where he had been a studenr, and one that had allegations of sexual abuse made against it in 2013 which was summarily dismissed by TN courts for ""lack of evidence"" because Bible Belt. It's very possible and probably likely that the shooter suffered from emotional trauma, and possibly PTSD.

But lets say that they weren't bullied directly while in the school, let's say that they were in the closet because Bible Belt Christian school. They were still probably told people like them were going to hell and were and abomination against god. Then, after graduation and after transitioning and coming out, the state keeps passing more and more restrictive laws against the LGBTQ community, but especially against transgender people, to the point where it is illegal to even provide gender affirming healthcare like hormone treatments and counseling. That puts and incredible amount of stress on people. And now, it's only going to get worse for the LGBTQ community, because Christians are going to double down on the hate and persecution, and have already started. You're right, those victims did not deserve to die, but when you push people to the point where they feel they have nothing more to lose, this is the result.",0.0,3.0,0.0,negative
,kh7190,2,2023-03-30 16:27:59,"Exactly my point, thank you.",0.0,0.0,0.0,neutral
,DirtyPenPalDoug,1,2023-03-30 16:12:26,Considering there was a cover-up of sexual abuse of kids right when this person would have been attending... and it seems less like a school shooting and more a targeted revenge attack on specific people.. yes.. yes this was because of religious diddlers getting away with abuse.,0.0,0.0,0.0,neutral
,ToadBearMaster,1,2023-03-30 16:13:09,"I don't think it's wrong at all to consider it a contributing factor, no.",0.0,1.0,0.0,negative
,Professional_360,1,2023-03-30 16:23:05,"I said this yesterday on another site and was hit with ""this was targeted against Christians"". I said no it wasn't. The shooter attended the school so he was probably a Christian too and went there because he knew the school's layout etc. It was an easier target. Then I get, you wouldn't say that if it was the gay community (I'm gay btw). WTF? Orlando's shooting WAS targeted. It was a gay club, with gay patrons. The shooter deliberately went after the gay community. The Nashville shooting was not a targeted shooting.",0.0,1.0,0.0,negative
,kh7190,1,2023-03-30 16:25:29,"Interesting. The news is saying he had specific targets in mind, as in place. I‚Äôm curious what other places were on his list.",0.0,0.0,0.0,neutral
,justhanginhere,1,2023-03-30 16:45:56,"If the motivation was punishment of religion it seems like the target would have been clergy‚Ä¶ but it was children.

I think the shooter chose the target because it was the softest target. Path of least resistance.

Also, it would attract the most attention to the shooter.",0.0,0.0,0.0,neutral
,Technical_Xtasy,1,2023-03-30 17:21:26,"That's what I'm thinking. Violence begets violence and while such an act could never be justified, we need to accept the fact that this is the inevitable conclusion to the escalating anti-trans hostility.",0.0,0.0,0.0,neutral
,[deleted],1,2023-03-30 17:47:13,[removed],0.0,0.0,0.0,neutral
,dudleydidwrong,1,2023-03-30 19:39:51,"Thank you for your comment. Unfortunately, your comment has been removed for the following reason:

* Bigotry, racism, homophobia and similar terminology. It is against the rules. Users who don't abstain from this type of abuse may be banned temporarily or permanently. 



For information regarding this and similar issues please see the [Subreddit Commandments.](http://www.reddit.com/r/atheism/wiki/guidelines) If you have any questions, please do not delete your comment and [message the mods,](http://www.reddit.com/message/compose?to=/r/atheism) Thank you.",0.0,0.0,0.0,neutral
,vermilithe,1,2023-03-30 17:53:20,"It's possible, but it seems really weird to go back and revisit your primary school over 15 years after you would have left. There's also the assumption happening here that the shooter would have been bullied for his gender identity, but we don't have any information to suggest that the shooter was out to himself or others during the years that he would've attended the school.

There's the additional assumption layered in similar discussions that because Aiden was trans, that he must not have been Christian and/or he hated Christians. I understand where the line of reasoning is, but I don't necessarily think that there's enough evidence to confirm that, either.

From what we know, Aiden actually cased at least one other location, the local mall, but chose not to go there because there was too much security. Aiden may not have had a grudge on the school at all, but society in general. Without a manifesto, we just don't know.

Also, it's transgender people, not transgenders, for same reason you wouldn't say ""the cisgenders"", ""the gays"", or ""the straights"". Transgender is an adjective.",1.0,2.0,0.0,negative
,kh7190,1,2023-03-30 19:38:06,Sorry for the verbiage.,0.0,0.0,0.0,neutral
,vermilithe,2,2023-03-30 19:45:00,"It's ok, I assumed you just may not have known. I'd rather you hear it from me, politely, than someone else possibly being angrier about it down the road, y'know?",0.0,0.0,0.0,neutral
,sp1kline,1,2023-03-30 20:24:22,"Not saying this is the reason, but you never know. [https://janespeaksup.com/](https://janespeaksup.com/)",0.0,0.0,0.0,neutral
,LordRumBottoms,1,2023-03-30 20:47:28,"Well they said she/he had other targets but they had too much security. Not sure if those were religious or not, but this gives the R all they need. This was not good for the cause. You can be mad at being bullied, and I don't condone violence, but target, not literally shooting of course, target those people by calling them out, not shooting babies. When I heard they were trans, I said this is going to set them back. I've been as angry as a wet hen at groups and people and yes, wouldn't mind reading their obituaries, but to slaughter children at random? oof.",0.0,2.0,0.0,negative
,Banned501,1,2023-03-30 21:05:42,"I don't care why she did it.

No one should be trying to ""understand"" why because there is no valid reason.",1.0,1.0,0.0,neutral
,kh7190,2,2023-03-30 21:52:33,Then why do people look for a motive? It‚Äôs human nature to wonder why. To avoid repeating patterns. We can‚Äôt dismiss anything.,0.0,0.0,0.0,neutral
,bkpeach,1,2023-03-30 21:11:43,"I think we'll have more answers when more details about the ""manifesto"" surface. Trans or not, some people are just inherently evil.",0.0,0.0,0.0,neutral
,J_M_Bee,1,2023-03-30 21:23:28,"Maybe, but the police chief has said that Hale had plans to kill his / her parents and to go to a mall and kill people there. Therefore, I don't know if the motive you've identified makes sense given the other targets Hale had in mind.",0.0,2.0,0.0,negative
,electricoreddit,1,2023-03-30 21:43:31,Where is the video btw?,0.0,0.0,0.0,neutral
,Nervardia,1,2023-03-30 21:43:44,I've heard they went to that school which was rife with CSA.,0.0,0.0,0.0,neutral
,pqp53-ii68,1,2023-03-30 21:57:01,"Given religion poisons everything, yes it makes sense that a Christian school would be judgmental and unsupportive of a trans person‚Äôs identity.",0.0,0.0,0.0,neutral
,Tar-Nuine,1,2023-03-30 22:09:47,"I read a report that pointed to a former principal of the school, who was also in charge of a half-way house for abused children, was accused of sexual assault against half a dozen children in his care around the same time the shooter was in the area and age range. The school actively defended him despite this.

Pretty clear motive to try and kill those who stood by while you were abused. Doesn't condone the slaughter of children though.",1.0,2.0,0.0,negative
,oldsaxman,1,2023-03-30 22:27:28,"The  schoold has a history of abuse of students by staff. He may have been abused, too. Not a justification, but may have been part of his reason.",0.0,0.0,0.0,neutral
,Isosrule44,1,2023-03-30 22:33:56,"One shooting by a trans shooter and everyone goes crazy. Christian nationalists kill trans people routinely, shoot up gay night clubs - no one says a word.

This disgusting shooter is disgusting - the trans identity is irrelevant - bad people are bad people trans or not and will do bad things trans or not. The fact this will be used to attack the lgbt community when trans people are more likely to be hate crimed than shoot up a school - is honestly so sad.",1.0,5.0,0.0,negative
,ShredGuru,1,2023-03-30 22:49:15,Christianity definitely f***** that person up,0.0,0.0,0.0,neutral
,Saciam-,1,2023-03-31 00:39:21,"They probably felt like Christians wronged them somehow. I, however, fail to see what Innocent 9 year old kids had to do with bulling that took place years prior. I hope that evil bitch rots in hell. She deserves nothing but the worst",1.0,1.0,0.0,neutral
,[deleted],1,2023-03-31 01:05:51,[removed],0.0,0.0,0.0,neutral
,dudleydidwrong,1,2023-03-31 01:18:36,"I think you are missing the point here.  

The question is what role religious dogma may have played in contributing to the incident.  It hasn't been proven in this case.

But we do know that religious dogma has caused a lot of human suffering.  Gay and trans kids are subjected to harassment and ostracism because of religious hangups about human sexuality.

Sexual abuse and pedophilia happen across society.  But when such things are done by ministers and priests it brings in multiple layers of hypocrisy.  They are people who are trying to set rules for everyone else to live by, but they do not even follow the rules themselves.  Then, when they get caught, they want to play the get-out-of-jail card and say that Jesus forgives them, so their victims (and the jury) should forgive them as well.",0.0,0.0,0.0,neutral
,scoyne15,1,2023-03-31 02:02:47,"It's not wrong to theorize reasons, however likely, that drove the shooter to this.

It is however wrong to sympathize with them. I don't care how bullied they were, they killed kids.",2.0,4.0,0.0,negative
,SilentMark1138,1,2023-03-31 03:04:35,There's no excuse,0.0,0.0,0.0,neutral
,kh7190,1,2023-03-31 17:50:46,It‚Äôs not an excuse. It‚Äôs an understanding.,0.0,0.0,0.0,neutral
,Iriec2,1,2023-03-31 03:16:20,"i personally think if specific transphobic bullying was mentioned in the manifesto it will never be released. dangerous manifestos that encourage like behavior have been released before, but not this so far.",0.0,0.0,0.0,neutral
,Revolutionary-Pin698,1,2023-03-31 03:33:58,We can all speculate. Maybe she was taking transformation hormone drugs that caused a chemical reaction in her brain. Who knows. The fact she was trans gender shows a level of mental unsuitability people like that should be nowhere near fire arms imo. Maybe she hates the idea that a god would make her feel like she is in the wrong body so she strikes back at the universe in the worse way possible. Who knows. It is weird that people are trying to blame the death of these kids on christians. Something tells me if this was an islamic school you wouldn't have the balls to say the kids died because of Islam's views on trans people.,0.0,4.0,0.0,negative
,ikatarn,1,2023-04-02 10:16:23,You don‚Äôt get a free pass just cause you might have been bullied.,0.0,0.0,0.0,neutral
,kh7190,1,2023-04-02 21:51:35,God damn people without critical thinking skills continue to amaze me lol,0.0,1.0,0.0,negative
,ikatarn,1,2023-04-03 02:00:07,Exactly!,0.0,0.0,0.0,neutral
,Puzzleheaded_Rain381,1,2023-04-04 00:11:03,regardless it doesn't make it right if they shot it up due to being bullied though yes they shouldn't have been bullied ( and we don't know if they were or if they came out as trans in elementary ) real Christians like myself ( though I'm catholic rather than protestant which makes up most of American Christianity ) believe everyone was made in gods image and were given free will. The villain's are the terrible evil bitch of a shooter and the people who use a religion to justify terrible acts of violence and or justify treating a group of people bad. and it Isn't just Christians that vote against much of the 1900s stuff your brining up ( I know much of it has resurfaced but no one is voting against minority voting ) what's crazy is people specifically target Christianity as if Islam or Judaism or even atheist don't do this stuff as well. Yes I get the context of the school being Christian I'm mainly addressing the lower half of the post. But we cant really blame Christian abuse for them shooting up a damn elementary school that's just ignorant especially when we have no idea and use it to justify making a post to demonize Christianity.,0.0,4.0,0.0,negative
,kh7190,1,2023-04-10 17:06:56,I didn't say it was right. I think you're on the wrong forum sweetie lol,0.0,1.0,0.0,negative
,KingMarcel,1,2023-04-04 02:28:57,*gunwoman,0.0,0.0,0.0,neutral
